,time,cpu_usage,memory_usage,max_capacity,cpu_percentage,memory_percentage,day_of_month,week_day_id,week_number_in_month,date
0,1,9.35546875,5.33544921875,17.0,0.55,0.31,1.0,2.0,0.0,2019-05-01 00:00:00
1,2,6.7392578125,3.58447265625,10.0,0.67,0.36,1.0,2.0,0.0,2019-05-01 01:00:00
2,3,5.6728515625,2.91748046875,8.0,0.71,0.36,1.0,2.0,0.0,2019-05-01 02:00:00
3,4,3.8515625,2.50048828125,5.0,0.77,0.5,1.0,2.0,0.0,2019-05-01 03:00:00
4,5,3.529296875,3.00048828125,5.0,0.71,0.6,1.0,2.0,0.0,2019-05-01 04:00:00
5,6,3.076171875,1.66748046875,5.0,0.62,0.33,1.0,2.0,0.0,2019-05-01 05:00:00
6,7,3.126953125,1.50048828125,4.0,0.78,0.38,1.0,2.0,0.0,2019-05-01 06:00:00
7,8,3.41796875,2.00048828125,4.0,0.85,0.5,1.0,2.0,0.0,2019-05-01 07:00:00
8,9,3.484375,2.16748046875,5.0,0.7,0.43,1.0,2.0,0.0,2019-05-01 08:00:00
9,10,3.6728515625,2.2509765625,6.0,0.61,0.38,1.0,2.0,0.0,2019-05-01 09:00:00
10,11,46.478515625,27.34130859375,69.0,0.67,0.4,1.0,2.0,0.0,2019-05-01 10:00:00
11,12,198.38671875,114.712890625,322.0,0.62,0.36,1.0,2.0,0.0,2019-05-01 11:00:00
12,13,223.953125,131.89208984375,372.0,0.6,0.35,1.0,2.0,0.0,2019-05-01 12:00:00
13,14,172.49609375,100.709716796875,282.0,0.61,0.36,1.0,2.0,0.0,2019-05-01 13:00:00
14,15,190.14453125,111.048095703125,313.0,0.61,0.35,1.0,2.0,0.0,2019-05-01 14:00:00
15,16,197.908203125,116.71728515625,326.0,0.61,0.36,1.0,2.0,0.0,2019-05-01 15:00:00
16,17,203.849609375,118.858642578125,337.0,0.6,0.35,1.0,2.0,0.0,2019-05-01 16:00:00
17,18,170.384765625,97.544921875,281.0,0.61,0.35,1.0,2.0,0.0,2019-05-01 17:00:00
18,19,152.966796875,88.205078125,246.0,0.62,0.36,1.0,2.0,0.0,2019-05-01 18:00:00
19,20,135.396484375,81.367431640625,215.0,0.63,0.38,1.0,2.0,0.0,2019-05-01 19:00:00
20,21,118.970703125,69.52880859375,185.0,0.64,0.38,1.0,2.0,0.0,2019-05-01 20:00:00
21,22,73.509765625,43.017822265625,119.0,0.62,0.36,1.0,2.0,0.0,2019-05-01 21:00:00
22,23,39.537109375,23.177734375,68.0,0.58,0.34,1.0,2.0,0.0,2019-05-01 22:00:00
23,24,124.498046875,115.4228515625,142.0,0.88,0.81,2.0,3.0,0.0,2019-05-01 23:00:00
24,25,58.966796875,52.671630859375,73.0,0.81,0.72,2.0,3.0,0.0,2019-05-02 00:00:00
25,26,16.54296875,10.629638671875,29.0,0.57,0.37,2.0,3.0,0.0,2019-05-02 01:00:00
26,27,14.009765625,9.3369140625,22.0,0.64,0.42,2.0,3.0,0.0,2019-05-02 02:00:00
27,28,8.36328125,5.501953125,13.0,0.64,0.42,2.0,3.0,0.0,2019-05-02 03:00:00
28,29,6.740234375,4.16796875,11.0,0.61,0.38,2.0,3.0,0.0,2019-05-02 04:00:00
29,30,3.73046875,2.66748046875,7.0,0.53,0.38,2.0,3.0,0.0,2019-05-02 05:00:00
30,31,4.90234375,3.66796875,7.0,0.7,0.52,2.0,3.0,0.0,2019-05-02 06:00:00
31,32,5.611328125,4.3349609375,8.0,0.7,0.54,2.0,3.0,0.0,2019-05-02 07:00:00
32,33,2.396484375,1.500732421875,4.0,0.6,0.38,2.0,3.0,0.0,2019-05-02 08:00:00
33,34,5.470703125,4.00146484375,9.0,0.61,0.44,2.0,3.0,0.0,2019-05-02 09:00:00
34,35,40.396484375,24.676025390625,62.0,0.65,0.4,2.0,3.0,0.0,2019-05-02 10:00:00
35,36,200.064453125,156.190673828125,259.0,0.77,0.6,2.0,3.0,0.0,2019-05-02 11:00:00
36,37,192.041015625,143.3603515625,256.0,0.75,0.56,2.0,3.0,0.0,2019-05-02 12:00:00
37,38,94.673828125,58.022216796875,146.0,0.65,0.4,2.0,3.0,0.0,2019-05-02 13:00:00
38,39,102.7578125,60.192626953125,163.0,0.63,0.37,2.0,3.0,0.0,2019-05-02 14:00:00
39,40,108.31640625,61.694091796875,169.0,0.64,0.37,2.0,3.0,0.0,2019-05-02 15:00:00
40,41,97.90234375,58.52294921875,148.0,0.66,0.4,2.0,3.0,0.0,2019-05-02 16:00:00
41,42,96.89453125,56.021484375,143.0,0.68,0.39,2.0,3.0,0.0,2019-05-02 17:00:00
42,43,84.037109375,50.020263671875,127.0,0.66,0.39,2.0,3.0,0.0,2019-05-02 18:00:00
43,44,77.255859375,44.5166015625,113.0,0.68,0.39,2.0,3.0,0.0,2019-05-02 19:00:00
44,45,73.689453125,44.851318359375,111.0,0.66,0.4,2.0,3.0,0.0,2019-05-02 20:00:00
45,46,60.869140625,35.6796875,89.0,0.68,0.4,2.0,3.0,0.0,2019-05-02 21:00:00
46,47,45.625,27.175048828125,62.0,0.74,0.44,2.0,3.0,0.0,2019-05-02 22:00:00
47,48,22.02734375,12.670654296875,32.0,0.69,0.4,3.0,4.0,0.0,2019-05-02 23:00:00
48,49,10.40234375,5.6689453125,16.0,0.65,0.35,3.0,4.0,0.0,2019-05-03 00:00:00
49,50,9.171875,5.33447265625,12.0,0.76,0.44,3.0,4.0,0.0,2019-05-03 01:00:00
50,51,3.6875,2.333984375,5.0,0.74,0.47,3.0,4.0,0.0,2019-05-03 02:00:00
51,52,5.462890625,3.0009765625,8.0,0.68,0.38,3.0,4.0,0.0,2019-05-03 03:00:00
52,53,8.033203125,4.50146484375,12.0,0.67,0.38,3.0,4.0,0.0,2019-05-03 04:00:00
53,54,4.162109375,2.333984375,6.0,0.69,0.39,3.0,4.0,0.0,2019-05-03 05:00:00
54,55,6.083984375,4.50146484375,9.0,0.68,0.5,3.0,4.0,0.0,2019-05-03 06:00:00
55,56,7.9765625,5.16845703125,12.0,0.66,0.43,3.0,4.0,0.0,2019-05-03 07:00:00
56,57,3.6015625,2.16748046875,5.0,0.72,0.43,3.0,4.0,0.0,2019-05-03 08:00:00
57,58,3.396484375,2.66748046875,5.0,0.68,0.53,3.0,4.0,0.0,2019-05-03 09:00:00
58,59,3.07421875,2.333984375,5.0,0.61,0.47,3.0,4.0,0.0,2019-05-03 10:00:00
59,60,31.75,18.172607421875,47.0,0.68,0.39,3.0,4.0,0.0,2019-05-03 11:00:00
60,61,56.142578125,32.677978515625,82.0,0.68,0.4,3.0,4.0,0.0,2019-05-03 12:00:00
61,62,29.0859375,17.5048828125,40.0,0.73,0.44,3.0,4.0,0.0,2019-05-03 13:00:00
62,63,36.00390625,23.173828125,51.0,0.71,0.45,3.0,4.0,0.0,2019-05-03 14:00:00
63,64,71.494140625,43.349853515625,108.0,0.66,0.4,3.0,4.0,0.0,2019-05-03 15:00:00
64,65,68.6796875,40.015625,106.0,0.65,0.38,3.0,4.0,0.0,2019-05-03 16:00:00
65,66,61.84765625,37.68310546875,98.0,0.63,0.38,3.0,4.0,0.0,2019-05-03 17:00:00
66,67,59.513671875,35.51416015625,91.0,0.65,0.39,3.0,4.0,0.0,2019-05-03 18:00:00
67,68,59.044921875,35.511474609375,84.0,0.7,0.42,3.0,4.0,0.0,2019-05-03 19:00:00
68,69,52.91796875,32.84521484375,81.0,0.65,0.41,3.0,4.0,0.0,2019-05-03 20:00:00
69,70,56.431640625,32.5126953125,85.0,0.66,0.38,3.0,4.0,0.0,2019-05-03 21:00:00
70,71,32.154296875,19.673095703125,48.0,0.67,0.41,3.0,4.0,0.0,2019-05-03 22:00:00
71,72,26.6796875,15.837646484375,37.0,0.72,0.43,4.0,5.0,0.0,2019-05-03 23:00:00
72,73,28.6328125,15.83837890625,40.0,0.72,0.4,4.0,5.0,0.0,2019-05-04 00:00:00
73,74,16.55859375,10.0029296875,23.0,0.72,0.43,4.0,5.0,0.0,2019-05-04 01:00:00
74,75,10.080078125,6.50146484375,14.0,0.72,0.46,4.0,5.0,0.0,2019-05-04 02:00:00
75,76,14.60546875,9.502197265625,20.0,0.73,0.48,4.0,5.0,0.0,2019-05-04 03:00:00
76,77,18.59375,12.83544921875,24.0,0.77,0.53,4.0,5.0,0.0,2019-05-04 04:00:00
77,78,7.580078125,5.667724609375,10.0,0.76,0.57,4.0,5.0,0.0,2019-05-04 05:00:00
78,79,8.310546875,6.5009765625,10.0,0.83,0.65,4.0,5.0,0.0,2019-05-04 06:00:00
79,80,11.78515625,7.83447265625,14.0,0.84,0.56,4.0,5.0,0.0,2019-05-04 07:00:00
80,81,8.193359375,5.5009765625,10.0,0.82,0.55,4.0,5.0,0.0,2019-05-04 08:00:00
81,82,9.494140625,7.66796875,12.0,0.79,0.64,4.0,5.0,0.0,2019-05-04 09:00:00
82,83,4.513671875,3.500732421875,6.0,0.75,0.58,4.0,5.0,0.0,2019-05-04 10:00:00
83,84,25.90625,15.505859375,38.0,0.68,0.41,4.0,5.0,0.0,2019-05-04 11:00:00
84,85,35.69921875,21.840576171875,53.0,0.67,0.41,4.0,5.0,0.0,2019-05-04 12:00:00
85,86,28.07421875,16.171142578125,39.0,0.72,0.41,4.0,5.0,0.0,2019-05-04 13:00:00
86,87,31.859375,19.004150390625,42.0,0.76,0.45,4.0,5.0,0.0,2019-05-04 14:00:00
87,88,46.64453125,28.508056640625,66.0,0.71,0.43,4.0,5.0,0.0,2019-05-04 15:00:00
88,89,48.587890625,29.842529296875,73.0,0.67,0.41,4.0,5.0,0.0,2019-05-04 16:00:00
89,90,45.998046875,29.3427734375,70.0,0.66,0.42,4.0,5.0,0.0,2019-05-04 17:00:00
90,91,39.40625,24.00830078125,59.0,0.67,0.41,4.0,5.0,0.0,2019-05-04 18:00:00
91,92,48.033203125,30.509765625,70.0,0.69,0.44,4.0,5.0,0.0,2019-05-04 19:00:00
92,93,45.75,28.175537109375,65.0,0.7,0.43,4.0,5.0,0.0,2019-05-04 20:00:00
93,94,44.505859375,25.67578125,67.0,0.66,0.38,4.0,5.0,0.0,2019-05-04 21:00:00
94,95,39.560546875,24.5078125,56.0,0.71,0.44,4.0,5.0,0.0,2019-05-04 22:00:00
95,96,41.083984375,23.1728515625,58.0,0.71,0.4,5.0,6.0,0.0,2019-05-04 23:00:00
96,97,47.123046875,28.00537109375,62.0,0.76,0.45,5.0,6.0,0.0,2019-05-05 00:00:00
97,98,30.91015625,19.503662109375,42.0,0.74,0.46,5.0,6.0,0.0,2019-05-05 01:00:00
98,99,23.61328125,13.8359375,30.0,0.79,0.46,5.0,6.0,0.0,2019-05-05 02:00:00
99,100,17.654296875,10.668212890625,22.0,0.8,0.48,5.0,6.0,0.0,2019-05-05 03:00:00
100,101,19.36328125,10.8349609375,24.0,0.81,0.45,5.0,6.0,0.0,2019-05-05 04:00:00
101,102,10.375,6.167724609375,13.0,0.8,0.47,5.0,6.0,0.0,2019-05-05 05:00:00
102,103,8.365234375,5.50048828125,10.0,0.84,0.55,5.0,6.0,0.0,2019-05-05 06:00:00
103,104,4.708984375,2.83349609375,5.0,0.94,0.57,5.0,6.0,0.0,2019-05-05 07:00:00
104,105,4.18359375,2.6669921875,5.0,0.84,0.53,5.0,6.0,0.0,2019-05-05 08:00:00
105,106,21.6875,17.333984375,23.0,0.94,0.75,5.0,6.0,0.0,2019-05-05 09:00:00
106,107,10.38671875,7.83349609375,11.0,0.94,0.71,5.0,6.0,0.0,2019-05-05 10:00:00
107,108,21.21484375,14.668212890625,26.0,0.82,0.56,5.0,6.0,0.0,2019-05-05 11:00:00
108,109,29.158203125,17.004638671875,41.0,0.71,0.41,5.0,6.0,0.0,2019-05-05 12:00:00
109,110,26.83203125,15.338134765625,38.0,0.71,0.4,5.0,6.0,0.0,2019-05-05 13:00:00
110,111,36.001953125,23.837158203125,47.0,0.77,0.51,5.0,6.0,0.0,2019-05-05 14:00:00
111,112,37.59765625,22.337890625,49.0,0.77,0.46,5.0,6.0,0.0,2019-05-05 15:00:00
112,113,29.814453125,18.17041015625,39.0,0.76,0.47,5.0,6.0,0.0,2019-05-05 16:00:00
113,114,29.126953125,18.837646484375,41.0,0.71,0.46,5.0,6.0,0.0,2019-05-05 17:00:00
114,115,66.38671875,44.34228515625,92.0,0.72,0.48,5.0,6.0,0.0,2019-05-05 18:00:00
115,116,63.341796875,41.843505859375,90.0,0.7,0.46,5.0,6.0,0.0,2019-05-05 19:00:00
116,117,71.26171875,45.675537109375,95.0,0.75,0.48,5.0,6.0,0.0,2019-05-05 20:00:00
117,118,82.515625,53.345703125,116.0,0.71,0.46,5.0,6.0,0.0,2019-05-05 21:00:00
118,119,78.447265625,49.844482421875,107.0,0.73,0.47,5.0,6.0,0.0,2019-05-05 22:00:00
119,120,76.90234375,48.510986328125,106.0,0.73,0.46,6.0,0.0,1.0,2019-05-05 23:00:00
120,121,81.41015625,49.762939453125,118.0,0.69,0.42,6.0,0.0,1.0,2019-05-06 00:00:00
121,122,63.2421875,37.174560546875,85.0,0.74,0.44,6.0,0.0,1.0,2019-05-06 01:00:00
122,123,28.875,15.8369140625,39.0,0.74,0.41,6.0,0.0,1.0,2019-05-06 02:00:00
123,124,22.509765625,13.33740234375,35.0,0.64,0.38,6.0,0.0,1.0,2019-05-06 03:00:00
124,125,23.921875,12.83642578125,32.0,0.75,0.4,6.0,0.0,1.0,2019-05-06 04:00:00
125,126,15.130859375,7.33447265625,18.0,0.84,0.41,6.0,0.0,1.0,2019-05-06 05:00:00
126,127,6.625,3.16748046875,9.0,0.74,0.35,6.0,0.0,1.0,2019-05-06 06:00:00
127,128,12.591796875,6.586181640625,20.0,0.63,0.33,6.0,0.0,1.0,2019-05-06 07:00:00
128,129,12.04296875,7.08642578125,21.0,0.57,0.34,6.0,0.0,1.0,2019-05-06 08:00:00
129,130,7.052734375,4.2509765625,10.0,0.71,0.43,6.0,0.0,1.0,2019-05-06 09:00:00
130,131,7.095703125,3.9169921875,8.0,0.89,0.49,6.0,0.0,1.0,2019-05-06 10:00:00
131,132,11.234375,6.585205078125,16.0,0.7,0.41,6.0,0.0,1.0,2019-05-06 11:00:00
132,133,25.154296875,15.9208984375,36.0,0.7,0.44,6.0,0.0,1.0,2019-05-06 12:00:00
133,134,21.6640625,12.50341796875,31.0,0.7,0.4,6.0,0.0,1.0,2019-05-06 13:00:00
134,135,23.80859375,15.3359375,30.0,0.79,0.51,6.0,0.0,1.0,2019-05-06 14:00:00
135,136,25.998046875,16.33642578125,35.0,0.74,0.47,6.0,0.0,1.0,2019-05-06 15:00:00
136,137,27.916015625,15.67041015625,37.0,0.75,0.42,6.0,0.0,1.0,2019-05-06 16:00:00
137,138,19.328125,10.836669921875,26.0,0.74,0.42,6.0,0.0,1.0,2019-05-06 17:00:00
138,139,19.880859375,10.83642578125,26.0,0.76,0.42,6.0,0.0,1.0,2019-05-06 18:00:00
139,140,27.26953125,18.67333984375,37.0,0.74,0.5,6.0,0.0,1.0,2019-05-06 19:00:00
140,141,26.35546875,17.840576171875,40.0,0.66,0.45,6.0,0.0,1.0,2019-05-06 20:00:00
141,142,26.9765625,16.004638671875,38.0,0.71,0.42,6.0,0.0,1.0,2019-05-06 21:00:00
142,143,31.015625,15.67041015625,43.0,0.72,0.36,6.0,0.0,1.0,2019-05-06 22:00:00
143,144,24.701171875,16.004150390625,33.0,0.75,0.48,7.0,1.0,1.0,2019-05-06 23:00:00
144,145,26.197265625,14.669921875,37.0,0.71,0.4,7.0,1.0,1.0,2019-05-07 00:00:00
145,146,17.43359375,10.170166015625,27.0,0.65,0.38,7.0,1.0,1.0,2019-05-07 01:00:00
146,147,21.86328125,12.169677734375,30.0,0.73,0.41,7.0,1.0,1.0,2019-05-07 02:00:00
147,148,23.388671875,13.5029296875,31.0,0.75,0.44,7.0,1.0,1.0,2019-05-07 03:00:00
148,149,16.611328125,9.668701171875,23.0,0.72,0.42,7.0,1.0,1.0,2019-05-07 04:00:00
149,150,17.146484375,10.8349609375,21.0,0.82,0.52,7.0,1.0,1.0,2019-05-07 05:00:00
150,151,14.173828125,9.668212890625,18.0,0.79,0.54,7.0,1.0,1.0,2019-05-07 06:00:00
151,152,10.814453125,6.08447265625,13.0,0.83,0.47,7.0,1.0,1.0,2019-05-07 07:00:00
152,153,4.0,2.5,4.0,1.0,0.62,7.0,1.0,1.0,2019-05-07 08:00:00
153,154,7.30078125,4.50048828125,8.0,0.91,0.56,7.0,1.0,1.0,2019-05-07 09:00:00
154,155,8.150390625,4.833984375,10.0,0.82,0.48,7.0,1.0,1.0,2019-05-07 10:00:00
155,156,9.537109375,5.500732421875,12.0,0.79,0.46,7.0,1.0,1.0,2019-05-07 11:00:00
156,157,22.1640625,14.001708984375,27.0,0.82,0.52,7.0,1.0,1.0,2019-05-07 12:00:00
157,158,18.23046875,11.168701171875,24.0,0.76,0.47,7.0,1.0,1.0,2019-05-07 13:00:00
158,159,29.814453125,16.00390625,44.0,0.68,0.36,7.0,1.0,1.0,2019-05-07 14:00:00
159,160,25.609375,15.170166015625,36.0,0.71,0.42,7.0,1.0,1.0,2019-05-07 15:00:00
160,161,15.455078125,8.33642578125,24.0,0.64,0.35,7.0,1.0,1.0,2019-05-07 16:00:00
161,162,26.431640625,13.670166015625,38.0,0.7,0.36,7.0,1.0,1.0,2019-05-07 17:00:00
162,163,18.3515625,9.83544921875,25.0,0.73,0.39,7.0,1.0,1.0,2019-05-07 18:00:00
163,164,19.216796875,9.168701171875,28.0,0.69,0.33,7.0,1.0,1.0,2019-05-07 19:00:00
164,165,19.689453125,9.502685546875,28.0,0.7,0.34,7.0,1.0,1.0,2019-05-07 20:00:00
165,166,23.00390625,14.836181640625,30.0,0.77,0.49,7.0,1.0,1.0,2019-05-07 21:00:00
166,167,20.005859375,10.670654296875,31.0,0.65,0.34,7.0,1.0,1.0,2019-05-07 22:00:00
167,168,18.638671875,11.670166015625,28.0,0.67,0.42,8.0,2.0,1.0,2019-05-07 23:00:00
168,169,19.908203125,11.0029296875,30.0,0.66,0.37,8.0,2.0,1.0,2019-05-08 00:00:00
169,170,17.998046875,10.168701171875,27.0,0.67,0.38,8.0,2.0,1.0,2019-05-08 01:00:00
170,171,16.353515625,10.001953125,23.0,0.71,0.43,8.0,2.0,1.0,2019-05-08 02:00:00
171,172,14.185546875,8.16796875,18.0,0.79,0.45,8.0,2.0,1.0,2019-05-08 03:00:00
172,173,8.130859375,4.334228515625,11.0,0.74,0.39,8.0,2.0,1.0,2019-05-08 04:00:00
173,174,13.576171875,8.33544921875,19.0,0.71,0.44,8.0,2.0,1.0,2019-05-08 05:00:00
174,175,14.501953125,8.835693359375,22.0,0.66,0.4,8.0,2.0,1.0,2019-05-08 06:00:00
175,176,12.55859375,7.001220703125,16.0,0.78,0.44,8.0,2.0,1.0,2019-05-08 07:00:00
176,177,8.5234375,4.33447265625,11.0,0.77,0.39,8.0,2.0,1.0,2019-05-08 08:00:00
177,178,6.734375,3.833740234375,8.0,0.84,0.48,8.0,2.0,1.0,2019-05-08 09:00:00
178,179,6.96875,4.00048828125,8.0,0.87,0.5,8.0,2.0,1.0,2019-05-08 10:00:00
179,180,7.484375,3.917236328125,9.0,0.83,0.44,8.0,2.0,1.0,2019-05-08 11:00:00
180,181,8.78515625,4.5009765625,11.0,0.8,0.41,8.0,2.0,1.0,2019-05-08 12:00:00
181,182,12.72265625,7.66796875,16.0,0.8,0.48,8.0,2.0,1.0,2019-05-08 13:00:00
182,183,11.298828125,5.8349609375,15.0,0.75,0.39,8.0,2.0,1.0,2019-05-08 14:00:00
183,184,12.01953125,6.66796875,14.0,0.86,0.48,8.0,2.0,1.0,2019-05-08 15:00:00
184,185,33.90234375,19.007080078125,49.0,0.69,0.39,8.0,2.0,1.0,2019-05-08 16:00:00
185,186,29.04296875,15.00390625,42.0,0.69,0.36,8.0,2.0,1.0,2019-05-08 17:00:00
186,187,27.892578125,16.6689453125,34.0,0.82,0.49,8.0,2.0,1.0,2019-05-08 18:00:00
187,188,25.23828125,16.337890625,32.0,0.79,0.51,8.0,2.0,1.0,2019-05-08 19:00:00
188,189,23.201171875,16.00439453125,28.0,0.83,0.57,8.0,2.0,1.0,2019-05-08 20:00:00
189,190,20.830078125,10.668701171875,27.0,0.77,0.4,8.0,2.0,1.0,2019-05-08 21:00:00
190,191,20.748046875,12.8388671875,36.0,0.58,0.36,8.0,2.0,1.0,2019-05-08 22:00:00
191,192,20.361328125,14.33642578125,28.0,0.73,0.51,9.0,3.0,1.0,2019-05-08 23:00:00
192,193,25.69921875,17.50390625,39.0,0.66,0.45,9.0,3.0,1.0,2019-05-09 00:00:00
193,194,25.09375,18.67041015625,37.0,0.68,0.5,9.0,3.0,1.0,2019-05-09 01:00:00
194,195,23.859375,19.002685546875,32.0,0.75,0.59,9.0,3.0,1.0,2019-05-09 02:00:00
195,196,16.642578125,12.501953125,21.0,0.79,0.6,9.0,3.0,1.0,2019-05-09 03:00:00
196,197,16.111328125,10.001953125,20.0,0.81,0.5,9.0,3.0,1.0,2019-05-09 04:00:00
197,198,15.384765625,9.3349609375,19.0,0.81,0.49,9.0,3.0,1.0,2019-05-09 05:00:00
198,199,13.73046875,9.501953125,18.0,0.76,0.53,9.0,3.0,1.0,2019-05-09 06:00:00
199,200,11.654296875,6.8349609375,16.0,0.73,0.43,9.0,3.0,1.0,2019-05-09 07:00:00
200,201,15.255859375,10.335205078125,19.0,0.8,0.54,9.0,3.0,1.0,2019-05-09 08:00:00
201,202,11.052734375,7.0009765625,14.0,0.79,0.5,9.0,3.0,1.0,2019-05-09 09:00:00
202,203,12.333984375,8.33447265625,15.0,0.82,0.56,9.0,3.0,1.0,2019-05-09 10:00:00
203,204,9.44921875,6.501953125,14.0,0.67,0.46,9.0,3.0,1.0,2019-05-09 11:00:00
204,205,8.375,6.0009765625,11.0,0.76,0.55,9.0,3.0,1.0,2019-05-09 12:00:00
205,206,10.201171875,6.16796875,13.0,0.78,0.47,9.0,3.0,1.0,2019-05-09 13:00:00
206,207,21.26171875,11.003173828125,30.0,0.71,0.37,9.0,3.0,1.0,2019-05-09 14:00:00
207,208,17.044921875,7.669677734375,30.0,0.57,0.26,9.0,3.0,1.0,2019-05-09 15:00:00
208,209,23.224609375,16.507080078125,40.0,0.58,0.41,9.0,3.0,1.0,2019-05-09 16:00:00
209,210,20.974609375,13.17041015625,33.0,0.64,0.4,9.0,3.0,1.0,2019-05-09 17:00:00
210,211,27.5234375,14.66943359375,33.0,0.83,0.44,9.0,3.0,1.0,2019-05-09 18:00:00
211,212,26.01953125,13.83447265625,28.0,0.93,0.49,9.0,3.0,1.0,2019-05-09 19:00:00
212,213,22.83984375,13.168701171875,28.0,0.82,0.47,9.0,3.0,1.0,2019-05-09 20:00:00
213,214,27.013671875,12.00244140625,36.0,0.75,0.33,9.0,3.0,1.0,2019-05-09 21:00:00
214,215,25.115234375,15.501708984375,33.0,0.76,0.47,9.0,3.0,1.0,2019-05-09 22:00:00
215,216,36.580078125,22.335693359375,45.0,0.81,0.5,10.0,4.0,1.0,2019-05-09 23:00:00
216,217,20.671875,13.00146484375,25.0,0.83,0.52,10.0,4.0,1.0,2019-05-10 00:00:00
217,218,16.646484375,12.834716796875,20.0,0.83,0.64,10.0,4.0,1.0,2019-05-10 01:00:00
218,219,18.23828125,15.333984375,20.0,0.91,0.77,10.0,4.0,1.0,2019-05-10 02:00:00
219,220,16.443359375,11.833984375,18.0,0.91,0.66,10.0,4.0,1.0,2019-05-10 03:00:00
220,221,13.140625,8.834228515625,16.0,0.82,0.55,10.0,4.0,1.0,2019-05-10 04:00:00
221,222,12.19140625,7.833984375,14.0,0.87,0.56,10.0,4.0,1.0,2019-05-10 05:00:00
222,223,14.27734375,8.168701171875,19.0,0.75,0.43,10.0,4.0,1.0,2019-05-10 06:00:00
223,224,15.626953125,9.33447265625,18.0,0.87,0.52,10.0,4.0,1.0,2019-05-10 07:00:00
224,225,12.326171875,7.833984375,14.0,0.88,0.56,10.0,4.0,1.0,2019-05-10 08:00:00
225,226,9.78515625,6.5009765625,12.0,0.82,0.54,10.0,4.0,1.0,2019-05-10 09:00:00
226,227,9.259765625,5.33447265625,12.0,0.77,0.44,10.0,4.0,1.0,2019-05-10 10:00:00
227,228,10.703125,6.501953125,15.0,0.71,0.43,10.0,4.0,1.0,2019-05-10 11:00:00
228,229,13.0546875,9.33447265625,16.0,0.82,0.58,10.0,4.0,1.0,2019-05-10 12:00:00
229,230,10.568359375,7.83447265625,13.0,0.81,0.6,10.0,4.0,1.0,2019-05-10 13:00:00
230,231,16.544921875,9.1689453125,25.0,0.66,0.37,10.0,4.0,1.0,2019-05-10 14:00:00
231,232,23.556640625,11.3369140625,33.0,0.71,0.34,10.0,4.0,1.0,2019-05-10 15:00:00
232,233,19.857421875,10.50439453125,30.0,0.66,0.35,10.0,4.0,1.0,2019-05-10 16:00:00
233,234,20.306640625,12.003173828125,29.0,0.7,0.41,10.0,4.0,1.0,2019-05-10 17:00:00
234,235,18.060546875,10.335205078125,26.0,0.69,0.4,10.0,4.0,1.0,2019-05-10 18:00:00
235,236,19.6171875,13.338134765625,30.0,0.65,0.44,10.0,4.0,1.0,2019-05-10 19:00:00
236,237,22.291015625,12.003173828125,33.0,0.68,0.36,10.0,4.0,1.0,2019-05-10 20:00:00
237,238,24.763671875,12.167724609375,28.0,0.88,0.43,10.0,4.0,1.0,2019-05-10 21:00:00
238,239,23.322265625,13.33447265625,27.0,0.86,0.49,10.0,4.0,1.0,2019-05-10 22:00:00
239,240,19.984375,11.502685546875,29.0,0.69,0.4,11.0,5.0,1.0,2019-05-10 23:00:00
240,241,19.47265625,10.336181640625,26.0,0.75,0.4,11.0,5.0,1.0,2019-05-11 00:00:00
241,242,16.396484375,8.502197265625,21.0,0.78,0.4,11.0,5.0,1.0,2019-05-11 01:00:00
242,243,16.26953125,8.168212890625,20.0,0.81,0.41,11.0,5.0,1.0,2019-05-11 02:00:00
243,244,17.798828125,10.001220703125,21.0,0.85,0.48,11.0,5.0,1.0,2019-05-11 03:00:00
244,245,13.193359375,7.0009765625,15.0,0.88,0.47,11.0,5.0,1.0,2019-05-11 04:00:00
245,246,14.90234375,8.0009765625,17.0,0.88,0.47,11.0,5.0,1.0,2019-05-11 05:00:00
246,247,13.66796875,7.5009765625,16.0,0.85,0.47,11.0,5.0,1.0,2019-05-11 06:00:00
247,248,10.03515625,5.500732421875,12.0,0.84,0.46,11.0,5.0,1.0,2019-05-11 07:00:00
248,249,11.345703125,5.66748046875,14.0,0.81,0.4,11.0,5.0,1.0,2019-05-11 08:00:00
249,250,8.55859375,4.667724609375,12.0,0.71,0.39,11.0,5.0,1.0,2019-05-11 09:00:00
250,251,7.279296875,4.667236328125,9.0,0.81,0.52,11.0,5.0,1.0,2019-05-11 10:00:00
251,252,6.892578125,4.00048828125,8.0,0.86,0.5,11.0,5.0,1.0,2019-05-11 11:00:00
252,253,6.892578125,4.00048828125,8.0,0.86,0.5,11.0,5.0,1.0,2019-05-11 12:00:00
253,254,5.892578125,4.50048828125,7.0,0.84,0.64,11.0,5.0,1.0,2019-05-11 13:00:00
254,255,19.29296875,14.005615234375,29.0,0.67,0.48,11.0,5.0,1.0,2019-05-11 14:00:00
255,256,25.1640625,14.503662109375,34.0,0.74,0.43,11.0,5.0,1.0,2019-05-11 15:00:00
256,257,26.021484375,16.83837890625,35.0,0.74,0.48,11.0,5.0,1.0,2019-05-11 16:00:00
257,258,20.3359375,12.836669921875,26.0,0.78,0.49,11.0,5.0,1.0,2019-05-11 17:00:00
258,259,23.984375,13.837646484375,33.0,0.73,0.42,11.0,5.0,1.0,2019-05-11 18:00:00
259,260,18.09765625,10.0009765625,23.0,0.79,0.43,11.0,5.0,1.0,2019-05-11 19:00:00
260,261,21.66796875,12.501953125,27.0,0.8,0.46,11.0,5.0,1.0,2019-05-11 20:00:00
261,262,24.021484375,13.00390625,34.0,0.71,0.38,11.0,5.0,1.0,2019-05-11 21:00:00
262,263,24.17578125,14.8388671875,38.0,0.64,0.39,11.0,5.0,1.0,2019-05-11 22:00:00
263,264,16.5234375,9.670654296875,31.0,0.53,0.31,12.0,6.0,1.0,2019-05-11 23:00:00
264,265,18.43359375,10.50341796875,33.0,0.56,0.32,12.0,6.0,1.0,2019-05-12 00:00:00
265,266,10.513671875,6.00146484375,16.0,0.66,0.38,12.0,6.0,1.0,2019-05-12 01:00:00
266,267,9.41796875,4.667724609375,14.0,0.67,0.33,12.0,6.0,1.0,2019-05-12 02:00:00
267,268,8.416015625,4.500732421875,13.0,0.65,0.35,12.0,6.0,1.0,2019-05-12 03:00:00
268,269,6.4609375,3.500732421875,9.0,0.72,0.39,12.0,6.0,1.0,2019-05-12 04:00:00
269,270,3.4609375,2.16748046875,6.0,0.58,0.36,12.0,6.0,1.0,2019-05-12 05:00:00
270,271,3.84765625,2.16748046875,7.0,0.55,0.31,12.0,6.0,1.0,2019-05-12 06:00:00
271,272,3.0,2.5,3.0,1.0,0.83,12.0,6.0,1.0,2019-05-12 07:00:00
272,273,6.560546875,4.333984375,8.0,0.82,0.54,12.0,6.0,1.0,2019-05-12 08:00:00
273,274,7.697265625,3.834228515625,10.0,0.77,0.38,12.0,6.0,1.0,2019-05-12 09:00:00
274,275,1.708984375,0.83349609375,2.0,0.85,0.42,12.0,6.0,1.0,2019-05-12 10:00:00
275,276,4.76171875,2.667724609375,8.0,0.6,0.33,12.0,6.0,1.0,2019-05-12 11:00:00
276,277,3.978515625,2.1669921875,5.0,0.8,0.43,12.0,6.0,1.0,2019-05-12 12:00:00
277,278,3.138671875,2.167236328125,6.0,0.52,0.36,12.0,6.0,1.0,2019-05-12 13:00:00
278,279,16.1171875,8.834228515625,20.0,0.81,0.44,12.0,6.0,1.0,2019-05-12 14:00:00
279,280,21.830078125,11.335693359375,29.0,0.75,0.39,12.0,6.0,1.0,2019-05-12 15:00:00
280,281,20.3359375,13.17138671875,30.0,0.68,0.44,12.0,6.0,1.0,2019-05-12 16:00:00
281,282,19.794921875,13.670654296875,25.0,0.79,0.55,12.0,6.0,1.0,2019-05-12 17:00:00
282,283,22.998046875,10.002685546875,36.0,0.64,0.28,12.0,6.0,1.0,2019-05-12 18:00:00
283,284,22.05078125,10.336669921875,35.0,0.63,0.3,12.0,6.0,1.0,2019-05-12 19:00:00
284,285,15.923828125,9.3369140625,24.0,0.66,0.39,12.0,6.0,1.0,2019-05-12 20:00:00
285,286,16.056640625,8.001953125,23.0,0.7,0.35,12.0,6.0,1.0,2019-05-12 21:00:00
286,287,20.169921875,11.001220703125,23.0,0.88,0.48,12.0,6.0,1.0,2019-05-12 22:00:00
287,288,22.97265625,15.002197265625,31.0,0.74,0.48,13.0,0.0,2.0,2019-05-12 23:00:00
288,289,17.0390625,11.17041015625,30.0,0.57,0.37,13.0,0.0,2.0,2019-05-13 00:00:00
289,290,20.818359375,13.338134765625,35.0,0.59,0.38,13.0,0.0,2.0,2019-05-13 01:00:00
290,291,13.193359375,8.50390625,22.0,0.6,0.39,13.0,0.0,2.0,2019-05-13 02:00:00
291,292,11.66015625,7.66943359375,18.0,0.65,0.43,13.0,0.0,2.0,2019-05-13 03:00:00
292,293,5.55859375,3.50146484375,9.0,0.62,0.39,13.0,0.0,2.0,2019-05-13 04:00:00
293,294,8.1796875,4.8349609375,12.0,0.68,0.4,13.0,0.0,2.0,2019-05-13 05:00:00
294,295,8.236328125,5.00146484375,12.0,0.69,0.42,13.0,0.0,2.0,2019-05-13 06:00:00
295,296,7.990234375,4.668701171875,14.0,0.57,0.33,13.0,0.0,2.0,2019-05-13 07:00:00
296,297,9.625,5.66845703125,14.0,0.69,0.4,13.0,0.0,2.0,2019-05-13 08:00:00
297,298,4.6015625,2.333984375,6.0,0.77,0.39,13.0,0.0,2.0,2019-05-13 09:00:00
298,299,5.10546875,3.16748046875,7.0,0.73,0.45,13.0,0.0,2.0,2019-05-13 10:00:00
299,300,5.892578125,3.00048828125,7.0,0.84,0.43,13.0,0.0,2.0,2019-05-13 11:00:00
300,301,3.009765625,1.50048828125,4.0,0.75,0.38,13.0,0.0,2.0,2019-05-13 12:00:00
301,302,6.279296875,3.333984375,8.0,0.78,0.42,13.0,0.0,2.0,2019-05-13 13:00:00
302,303,16.2421875,9.502197265625,25.0,0.65,0.38,13.0,0.0,2.0,2019-05-13 14:00:00
303,304,15.802734375,8.834716796875,21.0,0.75,0.42,13.0,0.0,2.0,2019-05-13 15:00:00
304,305,16.44140625,7.500732421875,20.0,0.82,0.38,13.0,0.0,2.0,2019-05-13 16:00:00
305,306,20.8203125,11.66845703125,27.0,0.77,0.43,13.0,0.0,2.0,2019-05-13 17:00:00
306,307,23.0625,12.003173828125,38.0,0.61,0.32,13.0,0.0,2.0,2019-05-13 18:00:00
307,308,22.900390625,13.003662109375,30.0,0.76,0.43,13.0,0.0,2.0,2019-05-13 19:00:00
308,309,16.748046875,12.50341796875,21.0,0.8,0.6,13.0,0.0,2.0,2019-05-13 20:00:00
309,310,17.171875,9.3349609375,24.0,0.72,0.39,13.0,0.0,2.0,2019-05-13 21:00:00
310,311,18.060546875,10.33642578125,30.0,0.6,0.34,13.0,0.0,2.0,2019-05-13 22:00:00
311,312,16.58984375,9.1689453125,24.0,0.69,0.38,14.0,1.0,2.0,2019-05-13 23:00:00
312,313,22.431640625,12.17041015625,31.0,0.72,0.39,14.0,1.0,2.0,2019-05-14 00:00:00
313,314,25.033203125,14.171630859375,39.0,0.64,0.36,14.0,1.0,2.0,2019-05-14 01:00:00
314,315,23.365234375,13.171630859375,36.0,0.65,0.37,14.0,1.0,2.0,2019-05-14 02:00:00
315,316,9.40234375,5.1689453125,15.0,0.63,0.34,14.0,1.0,2.0,2019-05-14 03:00:00
316,317,8.3359375,4.83544921875,13.0,0.64,0.37,14.0,1.0,2.0,2019-05-14 04:00:00
317,318,6.861328125,4.001953125,11.0,0.62,0.36,14.0,1.0,2.0,2019-05-14 05:00:00
318,319,3.78515625,2.66796875,6.0,0.63,0.44,14.0,1.0,2.0,2019-05-14 06:00:00
319,320,4.484375,2.333984375,6.0,0.75,0.39,14.0,1.0,2.0,2019-05-14 07:00:00
320,321,2.6015625,1.500732421875,4.0,0.65,0.38,14.0,1.0,2.0,2019-05-14 08:00:00
321,322,2.095703125,1.000244140625,3.0,0.7,0.33,14.0,1.0,2.0,2019-05-14 09:00:00
322,323,3.095703125,1.500244140625,4.0,0.77,0.38,14.0,1.0,2.0,2019-05-14 10:00:00
323,324,3.41796875,1.6669921875,4.0,0.85,0.42,14.0,1.0,2.0,2019-05-14 11:00:00
324,325,0.591796875,0.33349609375,1.0,0.59,0.33,14.0,1.0,2.0,2019-05-14 12:00:00
325,326,1.650390625,1.000244140625,2.0,0.745,0.445,14.0,1.0,2.0,2019-05-14 13:00:00
326,327,2.708984375,1.6669921875,3.0,0.9,0.56,14.0,1.0,2.0,2019-05-14 14:00:00
327,328,2.0,1.0,2.0,1.0,0.5,14.0,1.0,2.0,2019-05-14 15:00:00
328,329,2.708984375,1.33349609375,3.0,0.9,0.44,14.0,1.0,2.0,2019-05-14 16:00:00
329,330,12.00390625,8.169189453125,20.0,0.6,0.41,14.0,1.0,2.0,2019-05-14 17:00:00
330,331,19.615234375,11.669189453125,26.0,0.75,0.45,14.0,1.0,2.0,2019-05-14 18:00:00
331,332,26.529296875,15.336669921875,33.0,0.8,0.46,14.0,1.0,2.0,2019-05-14 19:00:00
332,333,17.02734375,9.835205078125,25.0,0.68,0.39,14.0,1.0,2.0,2019-05-14 20:00:00
333,334,26.822265625,14.502685546875,39.0,0.69,0.37,14.0,1.0,2.0,2019-05-14 21:00:00
334,335,23.015625,12.500732421875,26.0,0.89,0.48,14.0,1.0,2.0,2019-05-14 22:00:00
335,336,17.109375,7.83544921875,27.0,0.63,0.29,15.0,2.0,2.0,2019-05-14 23:00:00
336,337,14.0625,5.502685546875,30.0,0.47,0.18,15.0,2.0,2.0,2019-05-15 00:00:00
337,338,7.9609375,4.16845703125,19.0,0.42,0.22,15.0,2.0,2.0,2019-05-15 01:00:00
338,339,4.62109375,2.83447265625,9.0,0.51,0.31,15.0,2.0,2.0,2019-05-15 02:00:00
339,340,2.869140625,2.500732421875,5.0,0.57,0.5,15.0,2.0,2.0,2019-05-15 03:00:00
340,341,1.708984375,0.83349609375,2.0,0.85,0.42,15.0,2.0,2.0,2019-05-15 04:00:00
341,342,1.708984375,1.1669921875,2.0,0.85,0.58,15.0,2.0,2.0,2019-05-15 05:00:00
342,343,2.009765625,1.333984375,3.0,0.67,0.44,15.0,2.0,2.0,2019-05-15 06:00:00
343,344,1.30078125,0.6669921875,2.0,0.65,0.33,15.0,2.0,2.0,2019-05-15 07:00:00
344,345,2.978515625,2.000244140625,4.0,0.74,0.5,15.0,2.0,2.0,2019-05-15 08:00:00
345,346,3.052734375,1.333984375,6.0,0.51,0.22,15.0,2.0,2.0,2019-05-15 09:00:00
346,347,4.22265625,2.000732421875,6.0,0.7,0.33,15.0,2.0,2.0,2019-05-15 10:00:00
347,348,3.708984375,2.08349609375,4.0,0.93,0.52,15.0,2.0,2.0,2019-05-15 11:00:00
348,349,3.6015625,2.333984375,5.0,0.72,0.47,15.0,2.0,2.0,2019-05-15 12:00:00
349,350,1.708984375,1.33349609375,2.0,0.85,0.67,15.0,2.0,2.0,2019-05-15 13:00:00
350,351,13.029296875,7.33447265625,17.0,0.77,0.43,15.0,2.0,2.0,2019-05-15 14:00:00
351,352,11.775390625,7.50048828125,13.0,0.91,0.58,15.0,2.0,2.0,2019-05-15 15:00:00
352,353,23.345703125,13.66845703125,27.0,0.86,0.51,15.0,2.0,2.0,2019-05-15 16:00:00
353,354,30.6796875,16.75390625,43.0,0.71,0.39,15.0,2.0,2.0,2019-05-15 17:00:00
354,355,22.7421875,12.08642578125,33.0,0.69,0.37,15.0,2.0,2.0,2019-05-15 18:00:00
355,356,21.5546875,11.335693359375,28.0,0.77,0.4,15.0,2.0,2.0,2019-05-15 19:00:00
356,357,17.306640625,9.16943359375,26.0,0.67,0.35,15.0,2.0,2.0,2019-05-15 20:00:00
357,358,16.62109375,10.3349609375,20.0,0.83,0.52,15.0,2.0,2.0,2019-05-15 21:00:00
358,359,14.5859375,8.167236328125,17.0,0.86,0.48,15.0,2.0,2.0,2019-05-15 22:00:00
359,360,15.36328125,13.67333984375,22.0,0.7,0.62,16.0,3.0,2.0,2019-05-15 23:00:00
360,361,24.1875,16.505859375,35.0,0.69,0.47,16.0,3.0,2.0,2019-05-16 00:00:00
361,362,20.767578125,10.66845703125,28.0,0.74,0.38,16.0,3.0,2.0,2019-05-16 01:00:00
362,363,13.28125,6.834228515625,17.0,0.78,0.4,16.0,3.0,2.0,2019-05-16 02:00:00
363,364,16.5234375,8.33447265625,22.0,0.75,0.38,16.0,3.0,2.0,2019-05-16 03:00:00
364,365,15.439453125,8.334228515625,19.0,0.81,0.44,16.0,3.0,2.0,2019-05-16 04:00:00
365,366,9.38671875,5.33349609375,10.0,0.94,0.53,16.0,3.0,2.0,2019-05-16 05:00:00
366,367,4.427734375,2.33349609375,5.0,0.89,0.47,16.0,3.0,2.0,2019-05-16 06:00:00
367,368,3.8515625,2.333984375,5.0,0.77,0.47,16.0,3.0,2.0,2019-05-16 07:00:00
368,369,2.708984375,2.1669921875,3.0,0.9,0.72,16.0,3.0,2.0,2019-05-16 08:00:00
369,370,2.91796875,2.0,3.0,0.97,0.67,16.0,3.0,2.0,2019-05-16 09:00:00
370,371,1.7548828125,1.0833740234375,2.0,0.78,0.42,16.0,3.0,2.0,2019-05-16 10:00:00
371,372,0.591796875,0.166748046875,1.0,0.59,0.17,16.0,3.0,2.0,2019-05-16 11:00:00
372,373,0.708984375,0.33349609375,1.0,0.71,0.33,16.0,3.0,2.0,2019-05-16 12:00:00
373,374,0.708984375,0.33349609375,1.0,0.71,0.33,16.0,3.0,2.0,2019-05-16 13:00:00
374,375,11.033203125,6.0029296875,18.0,0.61,0.33,16.0,3.0,2.0,2019-05-16 14:00:00
375,376,15.7109375,8.50146484375,20.0,0.79,0.43,16.0,3.0,2.0,2019-05-16 15:00:00
376,377,21.7421875,10.169921875,32.0,0.68,0.32,16.0,3.0,2.0,2019-05-16 16:00:00
377,378,19.255859375,10.171142578125,32.0,0.6,0.32,16.0,3.0,2.0,2019-05-16 17:00:00
378,379,22.13671875,9.335693359375,31.0,0.71,0.3,16.0,3.0,2.0,2019-05-16 18:00:00
379,380,16.66796875,8.83447265625,19.0,0.88,0.46,16.0,3.0,2.0,2019-05-16 19:00:00
380,381,16.8515625,13.00146484375,20.0,0.84,0.65,16.0,3.0,2.0,2019-05-16 20:00:00
381,382,23.21875,13.50146484375,28.0,0.83,0.48,16.0,3.0,2.0,2019-05-16 21:00:00
382,383,13.419921875,7.1689453125,22.0,0.61,0.33,16.0,3.0,2.0,2019-05-16 22:00:00
383,384,10.630859375,5.00048828125,13.0,0.82,0.38,17.0,4.0,2.0,2019-05-16 23:00:00
384,385,13.337890625,8.16748046875,16.0,0.83,0.51,17.0,4.0,2.0,2019-05-17 00:00:00
385,386,4.376953125,2.33447265625,7.0,0.63,0.33,17.0,4.0,2.0,2019-05-17 01:00:00
386,387,2.775390625,1.50048828125,4.0,0.69,0.38,17.0,4.0,2.0,2019-05-17 02:00:00
387,388,5.009765625,3.333984375,6.0,0.83,0.56,17.0,4.0,2.0,2019-05-17 03:00:00
388,389,1.708984375,1.1669921875,2.0,0.85,0.58,17.0,4.0,2.0,2019-05-17 04:00:00
389,390,2.41796875,1.50048828125,3.0,0.81,0.5,17.0,4.0,2.0,2019-05-17 05:00:00
390,391,2.41796875,1.50048828125,3.0,0.81,0.5,17.0,4.0,2.0,2019-05-17 06:00:00
391,392,1.38671875,0.666748046875,2.0,0.69,0.33,17.0,4.0,2.0,2019-05-17 07:00:00
392,393,2.41796875,1.833984375,3.0,0.81,0.61,17.0,4.0,2.0,2019-05-17 08:00:00
393,394,1.095703125,0.500244140625,2.0,0.55,0.25,17.0,4.0,2.0,2019-05-17 09:00:00
394,395,1.41796875,0.6669921875,2.0,0.71,0.33,17.0,4.0,2.0,2019-05-17 10:00:00
395,396,2.6875,2.00048828125,4.0,0.67,0.5,17.0,4.0,2.0,2019-05-17 11:00:00
396,397,2.892578125,2.00048828125,4.0,0.72,0.5,17.0,4.0,2.0,2019-05-17 12:00:00
397,398,0.708984375,0.33349609375,1.0,0.71,0.33,17.0,4.0,2.0,2019-05-17 13:00:00
398,399,16.927734375,12.835205078125,27.0,0.63,0.48,17.0,4.0,2.0,2019-05-17 14:00:00
399,400,18.1796875,10.337158203125,34.0,0.53,0.3,17.0,4.0,2.0,2019-05-17 15:00:00
400,401,23.47265625,12.0029296875,30.0,0.78,0.4,17.0,4.0,2.0,2019-05-17 16:00:00
401,402,15.87109375,8.168212890625,22.0,0.72,0.37,17.0,4.0,2.0,2019-05-17 17:00:00
402,403,17.267578125,11.00390625,29.0,0.6,0.38,17.0,4.0,2.0,2019-05-17 18:00:00
403,404,16.376953125,10.00341796875,27.0,0.61,0.37,17.0,4.0,2.0,2019-05-17 19:00:00
404,405,23.580078125,13.169677734375,29.0,0.81,0.45,17.0,4.0,2.0,2019-05-17 20:00:00
405,406,15.44140625,9.50341796875,22.0,0.7,0.43,17.0,4.0,2.0,2019-05-17 21:00:00
406,407,16.724609375,9.50341796875,26.0,0.64,0.37,17.0,4.0,2.0,2019-05-17 22:00:00
407,408,14.0078125,9.3359375,23.0,0.61,0.41,18.0,5.0,2.0,2019-05-17 23:00:00
408,409,16.65234375,7.836181640625,33.0,0.5,0.24,18.0,5.0,2.0,2019-05-18 00:00:00
409,410,9.986328125,4.50146484375,20.0,0.5,0.23,18.0,5.0,2.0,2019-05-18 01:00:00
410,411,1.546875,0.6669921875,4.0,0.39,0.17,18.0,5.0,2.0,2019-05-18 02:00:00
411,412,1.46484375,0.7781575520833334,3.333333333333333,0.4766666666666667,0.28,18.0,5.0,2.0,2019-05-18 03:00:00
412,413,1.3828125,0.8893229166666666,2.666666666666667,0.5633333333333334,0.39,18.0,5.0,2.0,2019-05-18 04:00:00
413,414,1.30078125,1.00048828125,2.0,0.65,0.5,18.0,5.0,2.0,2019-05-18 05:00:00
414,415,0.708984375,0.6669921875,1.0,0.71,0.67,18.0,5.0,2.0,2019-05-18 06:00:00
415,416,0.708984375,0.6669921875,1.0,0.71,0.67,18.0,5.0,2.0,2019-05-18 07:00:00
416,417,0.708984375,0.6669921875,1.0,0.71,0.67,18.0,5.0,2.0,2019-05-18 08:00:00
417,418,0.591796875,0.166748046875,1.0,0.59,0.17,18.0,5.0,2.0,2019-05-18 09:00:00
418,419,1.18359375,0.500244140625,2.0,0.59,0.25,18.0,5.0,2.0,2019-05-18 10:00:00
419,420,3.927734375,1.875244140625,5.0,0.6599999999999999,0.295,18.0,5.0,2.0,2019-05-18 11:00:00
420,421,6.671875,3.250244140625,8.0,0.73,0.3399999999999999,18.0,5.0,2.0,2019-05-18 12:00:00
421,422,9.416015625,4.625244140625,11.0,0.8,0.385,18.0,5.0,2.0,2019-05-18 13:00:00
422,423,12.16015625,6.000244140625,14.0,0.87,0.43,18.0,5.0,2.0,2019-05-18 14:00:00
423,424,14.4921875,7.1689453125,25.0,0.58,0.29,18.0,5.0,2.0,2019-05-18 15:00:00
424,425,11.69140625,6.50244140625,26.0,0.45,0.25,18.0,5.0,2.0,2019-05-18 16:00:00
425,426,14.640625,8.001220703125,22.0,0.67,0.36,18.0,5.0,2.0,2019-05-18 17:00:00
426,427,12.68359375,8.50244140625,17.0,0.75,0.5,18.0,5.0,2.0,2019-05-18 18:00:00
427,428,10.125,6.66845703125,15.0,0.68,0.44,18.0,5.0,2.0,2019-05-18 19:00:00
428,429,14.55859375,8.8349609375,18.0,0.81,0.49,18.0,5.0,2.0,2019-05-18 20:00:00
429,430,22.333984375,12.3349609375,27.0,0.83,0.46,18.0,5.0,2.0,2019-05-18 21:00:00
430,431,14.97265625,10.1669921875,16.0,0.94,0.64,18.0,5.0,2.0,2019-05-18 22:00:00
431,432,15.478515625,9.5009765625,19.0,0.81,0.5,19.0,6.0,2.0,2019-05-18 23:00:00
432,433,15.82421875,8.50244140625,21.0,0.75,0.4,19.0,6.0,2.0,2019-05-19 00:00:00
433,434,10.70703125,5.8349609375,14.0,0.76,0.42,19.0,6.0,2.0,2019-05-19 01:00:00
434,435,10.01953125,5.33447265625,12.0,0.83,0.44,19.0,6.0,2.0,2019-05-19 02:00:00
435,436,5.095703125,3.000244140625,6.0,0.85,0.5,19.0,6.0,2.0,2019-05-19 03:00:00
436,437,1.095703125,0.833740234375,2.0,0.55,0.42,19.0,6.0,2.0,2019-05-19 04:00:00
437,438,1.708984375,1.6669921875,2.0,0.85,0.83,19.0,6.0,2.0,2019-05-19 05:00:00
438,439,1.30078125,1.00048828125,2.0,0.65,0.5,19.0,6.0,2.0,2019-05-19 06:00:00
439,440,1.0048828125,0.6669921875,1.5,0.6799999999999999,0.415,19.0,6.0,2.0,2019-05-19 07:00:00
440,441,0.708984375,0.33349609375,1.0,0.71,0.33,19.0,6.0,2.0,2019-05-19 08:00:00
441,442,0.9462890625,0.500244140625,1.5,0.6499999999999999,0.33,19.0,6.0,2.0,2019-05-19 09:00:00
442,443,1.18359375,0.6669921875,2.0,0.59,0.33,19.0,6.0,2.0,2019-05-19 10:00:00
443,444,1.0,1.0,1.0,1.0,1.0,19.0,6.0,2.0,2019-05-19 11:00:00
444,445,8.329427083333332,4.50048828125,10.333333333333334,0.93,0.8,19.0,6.0,2.0,2019-05-19 12:00:00
445,446,15.658854166666666,8.0009765625,19.666666666666668,0.86,0.6000000000000001,19.0,6.0,2.0,2019-05-19 13:00:00
446,447,22.98828125,11.50146484375,29.0,0.79,0.4,19.0,6.0,2.0,2019-05-19 14:00:00
447,448,17.64453125,10.168701171875,25.0,0.71,0.41,19.0,6.0,2.0,2019-05-19 15:00:00
448,449,9.09375,5.5009765625,14.0,0.65,0.39,19.0,6.0,2.0,2019-05-19 16:00:00
449,450,13.171875,8.501708984375,20.0,0.66,0.43,19.0,6.0,2.0,2019-05-19 17:00:00
450,451,11.40625,6.833984375,15.0,0.76,0.46,19.0,6.0,2.0,2019-05-19 18:00:00
451,452,14.578125,8.502685546875,25.0,0.58,0.34,19.0,6.0,2.0,2019-05-19 19:00:00
452,453,14.78125,9.00390625,24.0,0.62,0.38,19.0,6.0,2.0,2019-05-19 20:00:00
453,454,8.44140625,3.333740234375,10.0,0.84,0.33,19.0,6.0,2.0,2019-05-19 21:00:00
454,455,8.76953125,5.000732421875,12.0,0.73,0.42,19.0,6.0,2.0,2019-05-19 22:00:00
455,456,10.611328125,6.5009765625,14.0,0.76,0.46,20.0,0.0,3.0,2019-05-19 23:00:00
456,457,9.23828125,4.66845703125,17.0,0.54,0.27,20.0,0.0,3.0,2019-05-20 00:00:00
457,458,3.935546875,2.000732421875,7.0,0.56,0.29,20.0,0.0,3.0,2019-05-20 01:00:00
458,459,4.935546875,3.167236328125,8.0,0.62,0.4,20.0,0.0,3.0,2019-05-20 02:00:00
459,460,0.38671875,0.33349609375,1.0,0.39,0.33,20.0,0.0,3.0,2019-05-20 03:00:00
460,461,0.38671875,0.166748046875,1.0,0.39,0.17,20.0,0.0,3.0,2019-05-20 04:00:00
461,462,0.708984375,0.33349609375,1.0,0.71,0.33,20.0,0.0,3.0,2019-05-20 05:00:00
462,463,0.7734375,0.33349609375,2.0,0.39,0.17,20.0,0.0,3.0,2019-05-20 06:00:00
463,464,1.30078125,0.6669921875,2.0,0.65,0.33,20.0,0.0,3.0,2019-05-20 07:00:00
464,465,0.591796875,0.33349609375,1.0,0.59,0.33,20.0,0.0,3.0,2019-05-20 08:00:00
465,466,0.759765625,0.4446614583333333,1.3333333333333333,0.5766666666666667,0.33,20.0,0.0,3.0,2019-05-20 09:00:00
466,467,0.927734375,0.5558268229166666,1.6666666666666663,0.5633333333333334,0.33,20.0,0.0,3.0,2019-05-20 10:00:00
467,468,1.095703125,0.6669921875,2.0,0.55,0.33,20.0,0.0,3.0,2019-05-20 11:00:00
468,469,1.18359375,0.6669921875,2.0,0.59,0.33,20.0,0.0,3.0,2019-05-20 12:00:00
469,470,0.591796875,0.33349609375,1.0,0.59,0.33,20.0,0.0,3.0,2019-05-20 13:00:00
470,471,7.955078125,4.33447265625,12.0,0.66,0.36,20.0,0.0,3.0,2019-05-20 14:00:00
471,472,8.892578125,5.001220703125,14.0,0.64,0.36,20.0,0.0,3.0,2019-05-20 15:00:00
472,473,14.259765625,7.16845703125,21.0,0.68,0.34,20.0,0.0,3.0,2019-05-20 16:00:00
473,474,15.619140625,8.335693359375,22.0,0.71,0.38,20.0,0.0,3.0,2019-05-20 17:00:00
474,475,16.912109375,9.83447265625,21.0,0.81,0.47,20.0,0.0,3.0,2019-05-20 18:00:00
475,476,18.375,9.1689453125,25.0,0.74,0.37,20.0,0.0,3.0,2019-05-20 19:00:00
476,477,12.439453125,8.501708984375,20.0,0.62,0.43,20.0,0.0,3.0,2019-05-20 20:00:00
477,478,16.078125,10.50048828125,18.0,0.89,0.58,20.0,0.0,3.0,2019-05-20 21:00:00
478,479,9.671875,5.3349609375,14.0,0.69,0.38,20.0,0.0,3.0,2019-05-20 22:00:00
479,480,14.0,10.33642578125,21.0,0.67,0.49,21.0,1.0,3.0,2019-05-20 23:00:00
480,481,13.20703125,9.00146484375,18.0,0.73,0.5,21.0,1.0,3.0,2019-05-21 00:00:00
481,482,3.345703125,1.666748046875,4.0,0.84,0.42,21.0,1.0,3.0,2019-05-21 01:00:00
482,483,1.095703125,0.833740234375,2.0,0.55,0.42,21.0,1.0,3.0,2019-05-21 02:00:00
483,484,0.708984375,0.6669921875,1.0,0.71,0.67,21.0,1.0,3.0,2019-05-21 03:00:00
484,485,1.095703125,0.833740234375,2.0,0.55,0.42,21.0,1.0,3.0,2019-05-21 04:00:00
485,486,1.41796875,0.6669921875,2.0,0.71,0.33,21.0,1.0,3.0,2019-05-21 05:00:00
486,487,0.708984375,0.6669921875,1.0,0.71,0.67,21.0,1.0,3.0,2019-05-21 06:00:00
487,488,0.708984375,0.6669921875,1.0,0.71,0.67,21.0,1.0,3.0,2019-05-21 07:00:00
488,489,1.708984375,1.6669921875,2.0,0.85,0.83,21.0,1.0,3.0,2019-05-21 08:00:00
489,490,0.708984375,0.6669921875,1.0,0.71,0.67,21.0,1.0,3.0,2019-05-21 09:00:00
490,491,0.708984375,0.6669921875,1.0,0.71,0.67,21.0,1.0,3.0,2019-05-21 10:00:00
491,492,1.095703125,0.833740234375,2.0,0.55,0.42,21.0,1.0,3.0,2019-05-21 11:00:00
492,493,2.66796875,2.1669921875,3.0,0.89,0.72,21.0,1.0,3.0,2019-05-21 12:00:00
493,494,0.958984375,0.5,1.0,0.96,0.5,21.0,1.0,3.0,2019-05-21 13:00:00
494,495,8.55078125,6.333984375,11.0,0.78,0.58,21.0,1.0,3.0,2019-05-21 14:00:00
495,496,7.326171875,3.33447265625,11.0,0.67,0.3,21.0,1.0,3.0,2019-05-21 15:00:00
496,497,13.244140625,6.501220703125,17.0,0.78,0.38,21.0,1.0,3.0,2019-05-21 16:00:00
497,498,10.724609375,4.667724609375,16.0,0.67,0.29,21.0,1.0,3.0,2019-05-21 17:00:00
498,499,10.6015625,4.83447265625,16.0,0.66,0.3,21.0,1.0,3.0,2019-05-21 18:00:00
499,500,11.25390625,6.168701171875,18.0,0.63,0.34,21.0,1.0,3.0,2019-05-21 19:00:00
500,501,11.216796875,7.669921875,17.0,0.66,0.45,21.0,1.0,3.0,2019-05-21 20:00:00
501,502,10.03515625,6.167724609375,14.0,0.72,0.44,21.0,1.0,3.0,2019-05-21 21:00:00
502,503,9.70703125,8.667724609375,14.0,0.69,0.62,21.0,1.0,3.0,2019-05-21 22:00:00
503,504,11.775390625,8.501953125,16.0,0.74,0.53,22.0,2.0,3.0,2019-05-21 23:00:00
504,505,10.712890625,6.83544921875,14.0,0.77,0.49,22.0,2.0,3.0,2019-05-22 00:00:00
505,506,4.3671875,2.333984375,6.0,0.73,0.39,22.0,2.0,3.0,2019-05-22 01:00:00
506,507,2.376953125,1.2503662109375,3.5,0.56,0.28,22.0,2.0,3.0,2019-05-22 02:00:00
507,508,0.38671875,0.166748046875,1.0,0.39,0.17,22.0,2.0,3.0,2019-05-22 03:00:00
508,509,2.0,2.0,2.0,1.0,1.0,22.0,2.0,3.0,2019-05-22 04:00:00
509,510,0.708984375,0.6669921875,1.0,0.71,0.67,22.0,2.0,3.0,2019-05-22 05:00:00
510,511,0.708984375,0.6669921875,1.0,0.71,0.67,22.0,2.0,3.0,2019-05-22 06:00:00
511,512,0.708984375,0.6669921875,1.0,0.71,0.67,22.0,2.0,3.0,2019-05-22 07:00:00
512,513,1.18359375,0.500244140625,2.0,0.59,0.25,22.0,2.0,3.0,2019-05-22 08:00:00
513,514,1.30078125,1.00048828125,2.0,0.65,0.5,22.0,2.0,3.0,2019-05-22 09:00:00
514,515,0.708984375,0.6669921875,1.0,0.71,0.67,22.0,2.0,3.0,2019-05-22 10:00:00
515,516,1.30078125,1.00048828125,2.0,0.65,0.5,22.0,2.0,3.0,2019-05-22 11:00:00
516,517,2.708984375,2.1669921875,3.0,0.9,0.72,22.0,2.0,3.0,2019-05-22 12:00:00
517,518,3.001302083333333,2.1669921875,3.333333333333333,0.9,0.66,22.0,2.0,3.0,2019-05-22 13:00:00
518,519,3.2936197916666665,2.1669921875,3.6666666666666665,0.9,0.6,22.0,2.0,3.0,2019-05-22 14:00:00
519,520,3.5859375,2.1669921875,4.0,0.9,0.54,22.0,2.0,3.0,2019-05-22 15:00:00
520,521,12.802734375,7.33544921875,17.0,0.75,0.43,22.0,2.0,3.0,2019-05-22 16:00:00
521,522,11.818359375,6.835205078125,18.0,0.66,0.38,22.0,2.0,3.0,2019-05-22 17:00:00
522,523,13.2109375,7.669189453125,21.0,0.63,0.37,22.0,2.0,3.0,2019-05-22 18:00:00
523,524,15.685546875,7.836181640625,24.0,0.65,0.33,22.0,2.0,3.0,2019-05-22 19:00:00
524,525,9.607421875,6.00244140625,16.0,0.6,0.38,22.0,2.0,3.0,2019-05-22 20:00:00
525,526,4.8046875,3.66845703125,10.0,0.48,0.37,22.0,2.0,3.0,2019-05-22 21:00:00
526,527,7.734375,4.66796875,11.0,0.7,0.42,22.0,2.0,3.0,2019-05-22 22:00:00
527,528,9.099609375,5.16845703125,14.0,0.65,0.37,23.0,3.0,3.0,2019-05-22 23:00:00
528,529,6.78125,4.3349609375,13.0,0.52,0.33,23.0,3.0,3.0,2019-05-23 00:00:00
529,530,4.365234375,2.333740234375,6.0,0.73,0.39,23.0,3.0,3.0,2019-05-23 01:00:00
530,531,4.009765625,2.00048828125,5.0,0.8,0.4,23.0,3.0,3.0,2019-05-23 02:00:00
531,532,1.0,1.0,1.0,1.0,1.0,23.0,3.0,3.0,2019-05-23 03:00:00
532,533,1.66796875,0.83349609375,2.0,0.83,0.42,23.0,3.0,3.0,2019-05-23 04:00:00
533,534,0.708984375,0.6669921875,1.0,0.71,0.67,23.0,3.0,3.0,2019-05-23 05:00:00
534,535,0.708984375,0.33349609375,1.0,0.71,0.33,23.0,3.0,3.0,2019-05-23 06:00:00
535,536,1.41796875,1.00048828125,2.0,0.71,0.5,23.0,3.0,3.0,2019-05-23 07:00:00
536,537,1.142578125,0.7781575520833334,1.6666666666666667,0.6699999999999999,0.4433333333333333,23.0,3.0,3.0,2019-05-23 08:00:00
537,538,0.8671875,0.5558268229166667,1.3333333333333337,0.63,0.3866666666666666,23.0,3.0,3.0,2019-05-23 09:00:00
538,539,0.591796875,0.33349609375,1.0,0.59,0.33,23.0,3.0,3.0,2019-05-23 10:00:00
539,540,38.92578125,22.505615234375,55.0,0.71,0.41,23.0,3.0,3.0,2019-05-23 11:00:00
540,541,76.875,48.85302734375,124.0,0.62,0.39,23.0,3.0,3.0,2019-05-23 12:00:00
541,542,71.19921875,45.3525390625,116.0,0.61,0.39,23.0,3.0,3.0,2019-05-23 13:00:00
542,543,121.71484375,74.69677734375,194.0,0.63,0.39,23.0,3.0,3.0,2019-05-23 14:00:00
543,544,150.359375,94.375244140625,252.0,0.6,0.37,23.0,3.0,3.0,2019-05-23 15:00:00
544,545,140.62109375,87.706787109375,239.0,0.59,0.37,23.0,3.0,3.0,2019-05-23 16:00:00
545,546,133.25390625,80.3701171875,225.0,0.59,0.36,23.0,3.0,3.0,2019-05-23 17:00:00
546,547,115.43359375,70.864990234375,191.0,0.6,0.37,23.0,3.0,3.0,2019-05-23 18:00:00
547,548,100.130859375,62.02783203125,167.0,0.6,0.37,23.0,3.0,3.0,2019-05-23 19:00:00
548,549,100.69921875,62.360595703125,165.0,0.61,0.38,23.0,3.0,3.0,2019-05-23 20:00:00
549,550,93.146484375,56.857666015625,151.0,0.62,0.38,23.0,3.0,3.0,2019-05-23 21:00:00
550,551,78.255859375,47.35302734375,123.0,0.64,0.38,23.0,3.0,3.0,2019-05-23 22:00:00
551,552,43.515625,26.010009765625,66.0,0.66,0.39,24.0,4.0,3.0,2019-05-23 23:00:00
552,553,23.201171875,13.50537109375,36.0,0.64,0.38,24.0,4.0,3.0,2019-05-24 00:00:00
553,554,10.912109375,7.16845703125,14.0,0.78,0.51,24.0,4.0,3.0,2019-05-24 01:00:00
554,555,13.1484375,6.8359375,20.0,0.66,0.34,24.0,4.0,3.0,2019-05-24 02:00:00
555,556,10.255859375,5.168701171875,16.0,0.64,0.32,24.0,4.0,3.0,2019-05-24 03:00:00
556,557,3.580078125,1.834228515625,6.0,0.6,0.31,24.0,4.0,3.0,2019-05-24 04:00:00
557,558,5.58984375,3.168212890625,9.0,0.62,0.35,24.0,4.0,3.0,2019-05-24 05:00:00
558,559,2.6015625,1.66748046875,4.0,0.65,0.42,24.0,4.0,3.0,2019-05-24 06:00:00
559,560,2.892578125,2.333984375,4.0,0.72,0.58,24.0,4.0,3.0,2019-05-24 07:00:00
560,561,1.41796875,1.00048828125,2.0,0.71,0.5,24.0,4.0,3.0,2019-05-24 08:00:00
561,562,1.8046875,1.333984375,3.0,0.6,0.44,24.0,4.0,3.0,2019-05-24 09:00:00
562,563,1.095703125,0.500244140625,2.0,0.55,0.25,24.0,4.0,3.0,2019-05-24 10:00:00
563,564,42.41796875,25.842041015625,63.0,0.67,0.41,24.0,4.0,3.0,2019-05-24 11:00:00
564,565,61.373046875,38.013671875,96.0,0.64,0.4,24.0,4.0,3.0,2019-05-24 12:00:00
565,566,64.94921875,40.681884765625,102.0,0.64,0.4,24.0,4.0,3.0,2019-05-24 13:00:00
566,567,78.86328125,47.854248046875,127.0,0.62,0.38,24.0,4.0,3.0,2019-05-24 14:00:00
567,568,89.533203125,52.189697265625,143.0,0.63,0.36,24.0,4.0,3.0,2019-05-24 15:00:00
568,569,80.986328125,47.51904296875,126.0,0.64,0.38,24.0,4.0,3.0,2019-05-24 16:00:00
569,570,87.466796875,53.686767578125,134.0,0.65,0.4,24.0,4.0,3.0,2019-05-24 17:00:00
570,571,82.255859375,49.687255859375,130.0,0.63,0.38,24.0,4.0,3.0,2019-05-24 18:00:00
571,572,75.22265625,43.684814453125,117.0,0.64,0.37,24.0,4.0,3.0,2019-05-24 19:00:00
572,573,76.841796875,45.185791015625,120.0,0.64,0.38,24.0,4.0,3.0,2019-05-24 20:00:00
573,574,49.904296875,30.179443359375,78.0,0.64,0.39,24.0,4.0,3.0,2019-05-24 21:00:00
574,575,35.259765625,21.507080078125,50.0,0.71,0.43,24.0,4.0,3.0,2019-05-24 22:00:00
575,576,53.927734375,34.51220703125,87.0,0.62,0.4,25.0,5.0,3.0,2019-05-24 23:00:00
576,577,44.609375,27.176513671875,71.0,0.63,0.38,25.0,5.0,3.0,2019-05-25 00:00:00
577,578,25.0546875,15.172119140625,40.0,0.63,0.38,25.0,5.0,3.0,2019-05-25 01:00:00
578,579,6.8359375,4.001708984375,12.0,0.57,0.33,25.0,5.0,3.0,2019-05-25 02:00:00
579,580,4.470703125,2.501220703125,8.0,0.56,0.31,25.0,5.0,3.0,2019-05-25 03:00:00
580,581,4.07421875,2.500732421875,6.0,0.68,0.42,25.0,5.0,3.0,2019-05-25 04:00:00
581,582,5.07421875,3.000732421875,7.0,0.72,0.43,25.0,5.0,3.0,2019-05-25 05:00:00
582,583,2.75390625,1.66748046875,5.0,0.55,0.33,25.0,5.0,3.0,2019-05-25 06:00:00
583,584,2.98828125,1.834228515625,5.0,0.6,0.37,25.0,5.0,3.0,2019-05-25 07:00:00
584,585,2.009765625,1.00048828125,3.0,0.67,0.33,25.0,5.0,3.0,2019-05-25 08:00:00
585,586,0.591796875,0.33349609375,1.0,0.59,0.33,25.0,5.0,3.0,2019-05-25 09:00:00
586,587,0.708984375,0.33349609375,1.0,0.71,0.33,25.0,5.0,3.0,2019-05-25 10:00:00
587,588,19.275390625,10.504150390625,31.0,0.62,0.34,25.0,5.0,3.0,2019-05-25 11:00:00
588,589,44.666015625,26.176025390625,69.0,0.65,0.38,25.0,5.0,3.0,2019-05-25 12:00:00
589,590,58.6171875,35.01171875,89.0,0.66,0.39,25.0,5.0,3.0,2019-05-25 13:00:00
590,591,60.326171875,34.846435546875,92.0,0.66,0.38,25.0,5.0,3.0,2019-05-25 14:00:00
591,592,67.45703125,39.680419921875,102.0,0.66,0.39,25.0,5.0,3.0,2019-05-25 15:00:00
592,593,63.64453125,39.513427734375,96.0,0.66,0.41,25.0,5.0,3.0,2019-05-25 16:00:00
593,594,59.634765625,36.1806640625,91.0,0.66,0.4,25.0,5.0,3.0,2019-05-25 17:00:00
594,595,59.052734375,33.51416015625,93.0,0.63,0.36,25.0,5.0,3.0,2019-05-25 18:00:00
595,596,58.494140625,34.345458984375,90.0,0.65,0.38,25.0,5.0,3.0,2019-05-25 19:00:00
596,597,60.853515625,34.34521484375,91.0,0.67,0.38,25.0,5.0,3.0,2019-05-25 20:00:00
597,598,51.181640625,28.677490234375,79.0,0.65,0.36,25.0,5.0,3.0,2019-05-25 21:00:00
598,599,38.994140625,22.675048828125,58.0,0.67,0.39,25.0,5.0,3.0,2019-05-25 22:00:00
599,600,42.498046875,25.509765625,66.0,0.64,0.39,26.0,6.0,3.0,2019-05-25 23:00:00
600,601,35.310546875,22.008544921875,59.0,0.6,0.37,26.0,6.0,3.0,2019-05-26 00:00:00
601,602,32.041015625,20.340087890625,52.0,0.62,0.39,26.0,6.0,3.0,2019-05-26 01:00:00
602,603,16.9765625,10.502685546875,25.0,0.68,0.42,26.0,6.0,3.0,2019-05-26 02:00:00
603,604,7.0859375,4.3349609375,12.0,0.59,0.36,26.0,6.0,3.0,2019-05-26 03:00:00
604,605,9.08984375,5.668701171875,14.0,0.65,0.4,26.0,6.0,3.0,2019-05-26 04:00:00
605,606,3.859375,2.500732421875,6.0,0.64,0.42,26.0,6.0,3.0,2019-05-26 05:00:00
606,607,3.013671875,3.00048828125,4.0,0.75,0.75,26.0,6.0,3.0,2019-05-26 06:00:00
607,608,5.529296875,3.833740234375,7.0,0.79,0.55,26.0,6.0,3.0,2019-05-26 07:00:00
608,609,4.279296875,2.667236328125,6.0,0.71,0.44,26.0,6.0,3.0,2019-05-26 08:00:00
609,610,1.6875,0.833740234375,3.0,0.56,0.28,26.0,6.0,3.0,2019-05-26 09:00:00
610,611,8.6708984375,5.1680908203125,13.0,0.6200000000000001,0.345,26.0,6.0,3.0,2019-05-26 10:00:00
611,612,15.654296875,9.50244140625,23.0,0.68,0.41,26.0,6.0,3.0,2019-05-26 11:00:00
612,613,38.39453125,22.507080078125,56.0,0.69,0.4,26.0,6.0,3.0,2019-05-26 12:00:00
613,614,44.857421875,25.0087890625,67.0,0.67,0.37,26.0,6.0,3.0,2019-05-26 13:00:00
614,615,48.4296875,27.67529296875,71.0,0.68,0.39,26.0,6.0,3.0,2019-05-26 14:00:00
615,616,51.69921875,29.675537109375,75.0,0.69,0.4,26.0,6.0,3.0,2019-05-26 15:00:00
616,617,43.826171875,25.175048828125,64.0,0.68,0.39,26.0,6.0,3.0,2019-05-26 16:00:00
617,618,42.427734375,24.091064453125,61.0,0.7,0.39,26.0,6.0,3.0,2019-05-26 17:00:00
618,619,43.806640625,24.174072265625,62.0,0.71,0.39,26.0,6.0,3.0,2019-05-26 18:00:00
619,620,48.853515625,26.7587890625,70.0,0.7,0.38,26.0,6.0,3.0,2019-05-26 19:00:00
620,621,45.2734375,26.008544921875,65.0,0.7,0.4,26.0,6.0,3.0,2019-05-26 20:00:00
621,622,41.32421875,24.1728515625,56.0,0.74,0.43,26.0,6.0,3.0,2019-05-26 21:00:00
622,623,39.306640625,24.005615234375,52.0,0.76,0.46,26.0,6.0,3.0,2019-05-26 22:00:00
623,624,40.322265625,22.5068359375,57.0,0.71,0.39,27.0,0.0,4.0,2019-05-26 23:00:00
624,625,37.251953125,21.84033203125,54.0,0.69,0.4,27.0,0.0,4.0,2019-05-27 00:00:00
625,626,32.44921875,19.506103515625,47.0,0.69,0.42,27.0,0.0,4.0,2019-05-27 01:00:00
626,627,21.654296875,14.670654296875,31.0,0.7,0.47,27.0,0.0,4.0,2019-05-27 02:00:00
627,628,12.1796875,6.6689453125,20.0,0.61,0.33,27.0,0.0,4.0,2019-05-27 03:00:00
628,629,24.794921875,15.340576171875,42.0,0.59,0.37,27.0,0.0,4.0,2019-05-27 04:00:00
629,630,3.4921875,2.501220703125,6.0,0.58,0.42,27.0,0.0,4.0,2019-05-27 05:00:00
630,631,3.19140625,2.333984375,5.0,0.64,0.47,27.0,0.0,4.0,2019-05-27 06:00:00
631,632,5.6015625,3.167236328125,7.0,0.8,0.45,27.0,0.0,4.0,2019-05-27 07:00:00
632,633,3.18359375,1.6669921875,4.0,0.8,0.42,27.0,0.0,4.0,2019-05-27 08:00:00
633,634,6.697265625,3.834228515625,9.0,0.74,0.43,27.0,0.0,4.0,2019-05-27 09:00:00
634,635,1.708984375,1.33349609375,2.0,0.85,0.67,27.0,0.0,4.0,2019-05-27 10:00:00
635,636,11.791015625,6.50244140625,18.0,0.66,0.36,27.0,0.0,4.0,2019-05-27 11:00:00
636,637,17.8671875,10.169189453125,24.0,0.74,0.42,27.0,0.0,4.0,2019-05-27 12:00:00
637,638,36.630859375,21.172119140625,51.0,0.72,0.42,27.0,0.0,4.0,2019-05-27 13:00:00
638,639,35.970703125,20.839111328125,50.0,0.72,0.42,27.0,0.0,4.0,2019-05-27 14:00:00
639,640,36.578125,21.172119140625,50.0,0.73,0.42,27.0,0.0,4.0,2019-05-27 15:00:00
640,641,39.7421875,23.00537109375,53.0,0.75,0.43,27.0,0.0,4.0,2019-05-27 16:00:00
641,642,39.84765625,23.00634765625,55.0,0.72,0.42,27.0,0.0,4.0,2019-05-27 17:00:00
642,643,38.2890625,21.672119140625,51.0,0.75,0.42,27.0,0.0,4.0,2019-05-27 18:00:00
643,644,36.369140625,20.84033203125,56.0,0.65,0.37,27.0,0.0,4.0,2019-05-27 19:00:00
644,645,35.970703125,20.17333984375,55.0,0.65,0.37,27.0,0.0,4.0,2019-05-27 20:00:00
645,646,34.7890625,19.173095703125,53.0,0.66,0.36,27.0,0.0,4.0,2019-05-27 21:00:00
646,647,34.072265625,19.00537109375,47.0,0.72,0.4,27.0,0.0,4.0,2019-05-27 22:00:00
647,648,38.4140625,21.673095703125,53.0,0.72,0.41,28.0,1.0,4.0,2019-05-27 23:00:00
648,649,31.27734375,18.504638671875,42.0,0.74,0.44,28.0,1.0,4.0,2019-05-28 00:00:00
649,650,30.03125,17.67138671875,42.0,0.72,0.42,28.0,1.0,4.0,2019-05-28 01:00:00
650,651,30.958984375,17.669921875,39.0,0.79,0.45,28.0,1.0,4.0,2019-05-28 02:00:00
651,652,25.056640625,13.66943359375,33.0,0.76,0.41,28.0,1.0,4.0,2019-05-28 03:00:00
652,653,18.052734375,11.836181640625,26.0,0.69,0.46,28.0,1.0,4.0,2019-05-28 04:00:00
653,654,14.169921875,9.001953125,21.0,0.67,0.43,28.0,1.0,4.0,2019-05-28 05:00:00
654,655,11.408203125,7.501708984375,16.0,0.71,0.47,28.0,1.0,4.0,2019-05-28 06:00:00
655,656,8.912109375,5.501708984375,14.0,0.64,0.39,28.0,1.0,4.0,2019-05-28 07:00:00
656,657,4.30078125,2.50048828125,5.0,0.86,0.5,28.0,1.0,4.0,2019-05-28 08:00:00
657,658,6.25390625,3.0009765625,8.0,0.78,0.38,28.0,1.0,4.0,2019-05-28 09:00:00
658,659,4.64453125,2.834228515625,8.0,0.58,0.35,28.0,1.0,4.0,2019-05-28 10:00:00
659,660,7.697265625,4.334228515625,10.0,0.77,0.43,28.0,1.0,4.0,2019-05-28 11:00:00
660,661,14.962890625,8.33447265625,17.0,0.88,0.49,28.0,1.0,4.0,2019-05-28 12:00:00
661,662,22.96484375,12.83642578125,30.0,0.77,0.43,28.0,1.0,4.0,2019-05-28 13:00:00
662,663,24.091796875,13.671142578125,36.0,0.67,0.38,28.0,1.0,4.0,2019-05-28 14:00:00
663,664,27.70703125,14.671875,41.0,0.68,0.36,28.0,1.0,4.0,2019-05-28 15:00:00
664,665,27.40625,14.67138671875,40.0,0.69,0.37,28.0,1.0,4.0,2019-05-28 16:00:00
665,666,33.80078125,20.173583984375,52.0,0.65,0.39,28.0,1.0,4.0,2019-05-28 17:00:00
666,667,31.33203125,16.838623046875,46.0,0.68,0.37,28.0,1.0,4.0,2019-05-28 18:00:00
667,668,32.998046875,17.50537109375,46.0,0.72,0.38,28.0,1.0,4.0,2019-05-28 19:00:00
668,669,35.771484375,18.67138671875,48.0,0.75,0.39,28.0,1.0,4.0,2019-05-28 20:00:00
669,670,34.03515625,18.504638671875,46.0,0.74,0.4,28.0,1.0,4.0,2019-05-28 21:00:00
670,671,29.900390625,17.0048828125,42.0,0.71,0.4,28.0,1.0,4.0,2019-05-28 22:00:00
671,672,33.79296875,20.507080078125,51.0,0.66,0.4,29.0,2.0,4.0,2019-05-28 23:00:00
672,673,30.357421875,19.004150390625,41.0,0.74,0.46,29.0,2.0,4.0,2019-05-29 00:00:00
673,674,34.158203125,21.336669921875,42.0,0.81,0.51,29.0,2.0,4.0,2019-05-29 01:00:00
674,675,30.943359375,18.3359375,38.0,0.81,0.48,29.0,2.0,4.0,2019-05-29 02:00:00
675,676,27.849609375,18.66943359375,36.0,0.77,0.52,29.0,2.0,4.0,2019-05-29 03:00:00
676,677,25.05078125,15.8359375,31.0,0.81,0.51,29.0,2.0,4.0,2019-05-29 04:00:00
677,678,21.96484375,15.66943359375,30.0,0.73,0.52,29.0,2.0,4.0,2019-05-29 05:00:00
678,679,13.90234375,9.5009765625,18.0,0.77,0.53,29.0,2.0,4.0,2019-05-29 06:00:00
679,680,12.884765625,9.501220703125,16.0,0.81,0.59,29.0,2.0,4.0,2019-05-29 07:00:00
680,681,13.23828125,10.667236328125,15.0,0.88,0.71,29.0,2.0,4.0,2019-05-29 08:00:00
681,682,10.30078125,6.9169921875,11.0,0.94,0.63,29.0,2.0,4.0,2019-05-29 09:00:00
682,683,7.396484375,5.500732421875,9.0,0.82,0.61,29.0,2.0,4.0,2019-05-29 10:00:00
683,684,6.41796875,4.6669921875,7.0,0.92,0.67,29.0,2.0,4.0,2019-05-29 11:00:00
684,685,10.591796875,7.33349609375,11.0,0.96,0.67,29.0,2.0,4.0,2019-05-29 12:00:00
685,686,17.017578125,10.6689453125,22.0,0.77,0.48,29.0,2.0,4.0,2019-05-29 13:00:00
686,687,19.6875,11.336181640625,28.0,0.7,0.4,29.0,2.0,4.0,2019-05-29 14:00:00
687,688,10.197265625,5.33544921875,16.0,0.64,0.33,29.0,2.0,4.0,2019-05-29 15:00:00
688,689,14.70703125,8.3349609375,18.0,0.82,0.46,29.0,2.0,4.0,2019-05-29 16:00:00
689,690,22.287109375,12.00341796875,32.0,0.7,0.38,29.0,2.0,4.0,2019-05-29 17:00:00
690,691,23.73046875,13.6708984375,33.0,0.72,0.41,29.0,2.0,4.0,2019-05-29 18:00:00
691,692,25.568359375,14.17138671875,41.0,0.62,0.35,29.0,2.0,4.0,2019-05-29 19:00:00
692,693,22.6640625,11.670654296875,40.0,0.57,0.29,29.0,2.0,4.0,2019-05-29 20:00:00
693,694,28.01171875,16.005859375,43.0,0.65,0.37,29.0,2.0,4.0,2019-05-29 21:00:00
694,695,32.9296875,23.176513671875,47.0,0.7,0.49,29.0,2.0,4.0,2019-05-29 22:00:00
695,696,28.826171875,17.6728515625,43.0,0.67,0.41,30.0,3.0,4.0,2019-05-29 23:00:00
696,697,26.744140625,15.254638671875,43.0,0.62,0.35,30.0,3.0,4.0,2019-05-30 00:00:00
697,698,26.103515625,15.25537109375,43.0,0.61,0.35,30.0,3.0,4.0,2019-05-30 01:00:00
698,699,21.705078125,12.170166015625,33.0,0.66,0.37,30.0,3.0,4.0,2019-05-30 02:00:00
699,700,23.556640625,11.919189453125,30.0,0.79,0.4,30.0,3.0,4.0,2019-05-30 03:00:00
700,701,21.3203125,10.918701171875,28.0,0.76,0.39,30.0,3.0,4.0,2019-05-30 04:00:00
701,702,16.138671875,9.084716796875,20.0,0.81,0.45,30.0,3.0,4.0,2019-05-30 05:00:00
702,703,20.224609375,11.75146484375,24.0,0.84,0.49,30.0,3.0,4.0,2019-05-30 06:00:00
703,704,16.435546875,10.25244140625,23.0,0.71,0.45,30.0,3.0,4.0,2019-05-30 07:00:00
704,705,12.107421875,7.66796875,16.0,0.76,0.48,30.0,3.0,4.0,2019-05-30 08:00:00
705,706,10.935546875,6.0849609375,15.0,0.73,0.41,30.0,3.0,4.0,2019-05-30 09:00:00
706,707,12.9765625,7.3349609375,17.0,0.76,0.43,30.0,3.0,4.0,2019-05-30 10:00:00
707,708,6.708984375,3.33349609375,7.0,0.96,0.48,30.0,3.0,4.0,2019-05-30 11:00:00
708,709,2.708984375,1.83349609375,3.0,0.9,0.61,30.0,3.0,4.0,2019-05-30 12:00:00
709,710,1.708984375,1.33349609375,2.0,0.85,0.67,30.0,3.0,4.0,2019-05-30 13:00:00
710,711,16.556640625,9.752197265625,24.0,0.69,0.41,30.0,3.0,4.0,2019-05-30 14:00:00
711,712,10.6015625,6.501708984375,16.0,0.66,0.41,30.0,3.0,4.0,2019-05-30 15:00:00
712,713,4.666015625,3.16748046875,7.0,0.67,0.45,30.0,3.0,4.0,2019-05-30 16:00:00
713,714,25.533203125,16.171142578125,32.0,0.8,0.51,30.0,3.0,4.0,2019-05-30 17:00:00
714,715,23.958984375,16.838623046875,32.0,0.75,0.53,30.0,3.0,4.0,2019-05-30 18:00:00
715,716,21.7578125,15.5048828125,31.0,0.7,0.5,30.0,3.0,4.0,2019-05-30 19:00:00
716,717,27.63671875,16.672607421875,41.0,0.67,0.41,30.0,3.0,4.0,2019-05-30 20:00:00
717,718,30.44921875,17.506591796875,44.0,0.69,0.4,30.0,3.0,4.0,2019-05-30 21:00:00
718,719,24.599609375,13.00439453125,36.0,0.68,0.36,30.0,3.0,4.0,2019-05-30 22:00:00
719,720,22.4375,12.33740234375,32.0,0.7,0.39,31.0,4.0,4.0,2019-05-30 23:00:00
720,721,23.103515625,14.67138671875,31.0,0.75,0.47,31.0,4.0,4.0,2019-05-31 00:00:00
721,722,23.849609375,14.838134765625,37.0,0.64,0.4,31.0,4.0,4.0,2019-05-31 01:00:00
722,723,22.50390625,14.1708984375,34.0,0.66,0.42,31.0,4.0,4.0,2019-05-31 02:00:00
723,724,21.658203125,11.669677734375,31.0,0.7,0.38,31.0,4.0,4.0,2019-05-31 03:00:00
724,725,21.4375,11.002197265625,28.0,0.77,0.39,31.0,4.0,4.0,2019-05-31 04:00:00
725,726,18.70703125,10.502685546875,26.0,0.72,0.4,31.0,4.0,4.0,2019-05-31 05:00:00
726,727,14.998046875,8.50244140625,22.0,0.68,0.39,31.0,4.0,4.0,2019-05-31 06:00:00
727,728,16.498046875,9.5009765625,19.0,0.87,0.5,31.0,4.0,4.0,2019-05-31 07:00:00
728,729,12.94140625,7.334228515625,15.0,0.86,0.49,31.0,4.0,4.0,2019-05-31 08:00:00
729,730,11.32421875,7.001220703125,14.0,0.81,0.5,31.0,4.0,4.0,2019-05-31 09:00:00
730,731,9.6796875,6.16796875,13.0,0.74,0.47,31.0,4.0,4.0,2019-05-31 10:00:00
731,732,6.47265625,4.16748046875,8.0,0.81,0.52,31.0,4.0,4.0,2019-05-31 11:00:00
732,733,8.966796875,5.001953125,13.0,0.69,0.38,31.0,4.0,4.0,2019-05-31 12:00:00
733,734,8.15234375,4.834228515625,10.0,0.82,0.48,31.0,4.0,4.0,2019-05-31 13:00:00
734,735,10.21875,5.835205078125,15.0,0.68,0.39,31.0,4.0,4.0,2019-05-31 14:00:00
735,736,15.25,8.502685546875,24.0,0.64,0.35,31.0,4.0,4.0,2019-05-31 15:00:00
736,737,7.931640625,4.501708984375,14.0,0.57,0.32,31.0,4.0,4.0,2019-05-31 16:00:00
737,738,14.966796875,7.8359375,23.0,0.65,0.34,31.0,4.0,4.0,2019-05-31 17:00:00
738,739,16.96484375,9.3359375,23.0,0.74,0.41,31.0,4.0,4.0,2019-05-31 18:00:00
739,740,21.1875,13.337646484375,34.0,0.62,0.39,31.0,4.0,4.0,2019-05-31 19:00:00
740,741,20.30078125,10.669921875,32.0,0.63,0.33,31.0,4.0,4.0,2019-05-31 20:00:00
741,742,21.671875,11.670166015625,31.0,0.7,0.38,31.0,4.0,4.0,2019-05-31 21:00:00
742,743,14.140625,7.50244140625,20.0,0.71,0.38,31.0,4.0,4.0,2019-05-31 22:00:00
743,744,4.095703125,3.00146484375,9.0,0.46,0.33,31.0,4.0,4.0,2019-05-31 23:00:00
